entry_type,addr,bank,status,canonical_addr,canonical_bank
extra_func,FF96,7,AUTO_DISCOVERED,,
extra_func,E12F,7,AUTO_DISCOVERED,,
extra_func,EE11,7,AUTO_DISCOVERED,,
extra_func,E5D1,7,AUTO_DISCOVERED,,
extra_func,E5F2,7,AUTO_DISCOVERED,,
extra_func,CD7D,7,AUTO_DISCOVERED,,
extra_func,E4D8,7,AUTO_DISCOVERED,,
extra_func,E510,7,AUTO_DISCOVERED,,
extra_func,E436,7,AUTO_DISCOVERED,,
extra_func,DC27,7,AUTO_DISCOVERED,,
extra_func,DBAF,7,AUTO_DISCOVERED,,
extra_func,E9EA,7,AUTO_DISCOVERED,,
extra_func,EEB4,7,AUTO_DISCOVERED,,
extra_func,D341,7,AUTO_DISCOVERED,,
extra_func,D950,7,AUTO_DISCOVERED,,
extra_func,E4E3,7,AUTO_DISCOVERED,,
extra_func,E417,7,AUTO_DISCOVERED,,
extra_func,E49D,7,AUTO_DISCOVERED,,
extra_func,E544,7,AUTO_DISCOVERED,,
extra_func,E4B5,7,AUTO_DISCOVERED,,
extra_func,E57D,7,AUTO_DISCOVERED,,
extra_func,EC36,7,AUTO_DISCOVERED,,
extra_func,EF9B,7,AUTO_DISCOVERED,,
extra_func,EA13,7,AUTO_DISCOVERED,,
extra_func,ED21,7,AUTO_DISCOVERED,,
extra_func,ED36,7,AUTO_DISCOVERED,,
extra_func,EC91,7,AUTO_DISCOVERED,,
extra_func,ED45,7,AUTO_DISCOVERED,,
extra_func,EF3D,7,AUTO_DISCOVERED,,
extra_func,E9D2,7,AUTO_DISCOVERED,,
extra_func,E613,7,AUTO_DISCOVERED,,
extra_func,E928,7,AUTO_DISCOVERED,,
extra_func,EA89,7,AUTO_DISCOVERED,,
extra_func,EA5C,7,AUTO_DISCOVERED,,
extra_func,F459,7,AUTO_DISCOVERED,,
extra_func,D0F5,7,AUTO_DISCOVERED,,
extra_func,F58A,7,AUTO_DISCOVERED,,
extra_func,F598,7,AUTO_DISCOVERED,,
extra_func,F068,7,AUTO_DISCOVERED,,
extra_func,F712,7,AUTO_DISCOVERED,,
extra_func,F772,7,AUTO_DISCOVERED,,
extra_func,F873,7,AUTO_DISCOVERED,,
extra_func,EF26,7,AUTO_DISCOVERED,,
extra_func,ECF7,7,AUTO_DISCOVERED,,
extra_func,F5BD,7,AUTO_DISCOVERED,,
extra_func,FB30,7,AUTO_DISCOVERED,,
extra_func,FC2B,7,AUTO_DISCOVERED,,
extra_func,FC1D,7,AUTO_DISCOVERED,,
extra_func,EA22,7,AUTO_DISCOVERED,,
extra_func,ED0C,7,AUTO_DISCOVERED,,
extra_func,ED68,7,AUTO_DISCOVERED,,
extra_func,E035,7,AUTO_DISCOVERED,,
extra_func,EF6C,7,AUTO_DISCOVERED,,
extra_func,E9F9,7,AUTO_DISCOVERED,,
extra_func,ECE2,7,AUTO_DISCOVERED,,
extra_func,EA76,7,AUTO_DISCOVERED,,
extra_func,EAC3,7,AUTO_DISCOVERED,,
extra_func,EB08,7,AUTO_DISCOVERED,,
extra_func,F370,7,AUTO_DISCOVERED,,
extra_func,F761,7,AUTO_DISCOVERED,,
extra_func,F5C6,7,AUTO_DISCOVERED,,
extra_func,F661,7,AUTO_DISCOVERED,,
extra_func,EAEC,7,AUTO_DISCOVERED,,
extra_func,D106,7,AUTO_DISCOVERED,,
extra_func,F047,7,AUTO_DISCOVERED,,
extra_func,EFFE,7,AUTO_DISCOVERED,,
extra_func,EA29,7,AUTO_DISCOVERED,,
extra_func,EAB0,7,AUTO_DISCOVERED,,
extra_func,EC70,7,AUTO_DISCOVERED,,
extra_func,F0D9,7,AUTO_DISCOVERED,,
extra_func,D331,7,AUTO_DISCOVERED,,
extra_func,EA51,7,AUTO_DISCOVERED,,
extra_func,EFA0,7,AUTO_DISCOVERED,,
extra_func,F091,7,AUTO_DISCOVERED,,
extra_func,CD14,7,AUTO_DISCOVERED,,
extra_func,EA91,7,AUTO_DISCOVERED,,
extra_func,E9BD,7,AUTO_DISCOVERED,,
extra_func,D2A9,7,MISSING,,
extra_func,D7BC,7,MISSING,,
extra_func,EA9E,7,AUTO_DISCOVERED,,
extra_func,E291,7,AUTO_DISCOVERED,,
extra_func,DE91,7,AUTO_DISCOVERED,,
extra_func,D1C9,7,AUTO_DISCOVERED,,
extra_func,EC24,7,AUTO_DISCOVERED,,
extra_func,D8F0,7,AUTO_DISCOVERED,,
extra_func,EC23,7,AUTO_DISCOVERED,,
extra_func,F72F,7,AUTO_DISCOVERED,,
extra_func,E73F,7,AUTO_DISCOVERED,,
extra_func,FC33,7,AUTO_DISCOVERED,,
extra_func,F031,7,AUTO_DISCOVERED,,
extra_func,E915,7,AUTO_DISCOVERED,,
extra_func,E460,7,AUTO_DISCOVERED,,
extra_func,E818,7,AUTO_DISCOVERED,,
extra_func,ED33,7,AUTO_DISCOVERED,,
extra_func,DE29,7,AUTO_DISCOVERED,,
extra_func,C1AF,7,DISCOVERABLE_AS_SECONDARY,C004,7
extra_func,EE8D,7,AUTO_DISCOVERED,,
extra_func,CD11,7,AUTO_DISCOVERED,,
extra_func,EA3A,7,AUTO_DISCOVERED,,
extra_func,F11B,7,AUTO_DISCOVERED,,
extra_func,F0CF,7,AUTO_DISCOVERED,,
extra_func,F01A,7,AUTO_DISCOVERED,,
extra_func,F13F,7,AUTO_DISCOVERED,,
extra_func,EE00,7,AUTO_DISCOVERED,,
extra_func,F94D,7,AUTO_DISCOVERED,,
extra_func,E9AD,7,AUTO_DISCOVERED,,
extra_func,EEFC,7,AUTO_DISCOVERED,,
extra_func,F0AD,7,AUTO_DISCOVERED,,
extra_func,D845,7,AUTO_DISCOVERED,,
extra_func,E6A3,7,MISSING,,
extra_func,D405,7,AUTO_DISCOVERED,,
extra_func,FF9D,7,AUTO_DISCOVERED,,
extra_func,EDBD,7,AUTO_DISCOVERED,,
extra_func,E085,7,AUTO_DISCOVERED,,
extra_func,EAA6,7,AUTO_DISCOVERED,,
extra_func,C9EB,7,AUTO_DISCOVERED,,
extra_func,AE80,7,AUTO_DISCOVERED,,
extra_func,AE02,7,AUTO_DISCOVERED,,
extra_func,8DAD,7,AUTO_DISCOVERED,,
extra_func,EBAE,7,AUTO_DISCOVERED,,
extra_func,A903,7,AUTO_DISCOVERED,,
extra_func,A9E9,7,AUTO_DISCOVERED,,
extra_func,990E,7,AUTO_DISCOVERED,,
extra_func,A9CA,7,AUTO_DISCOVERED,,
extra_func,A5E9,7,AUTO_DISCOVERED,,
extra_func,8B30,7,AUTO_DISCOVERED,,
extra_func,A910,7,AUTO_DISCOVERED,,
extra_func,F1A9,7,AUTO_DISCOVERED,,
extra_func,A901,7,AUTO_DISCOVERED,,
extra_func,B085,7,AUTO_DISCOVERED,,
extra_func,9999,7,AUTO_DISCOVERED,,
extra_func,9951,7,AUTO_DISCOVERED,,
extra_func,E930,7,AUTO_DISCOVERED,,
extra_func,9918,7,AUTO_DISCOVERED,,
extra_func,A00B,7,LIKELY_BAD_SEED_OFF_BY_ONE_PLUS1,,
extra_func,EF0A,7,MISSING,,
extra_func,A806,5,AUTO_DISCOVERED,,
extra_func,A921,7,MISSING,,
extra_func,ECED,7,MISSING,,
extra_func,9B09,7,MISSING,,
extra_func,B0EF,7,MISSING,,
extra_func,A501,7,AUTO_DISCOVERED,,
extra_func,8D03,7,AUTO_DISCOVERED,,
extra_func,B011,7,AUTO_DISCOVERED,,
extra_func,A905,7,AUTO_DISCOVERED,,
extra_func,8D02,7,AUTO_DISCOVERED,,
extra_func,A933,7,AUTO_DISCOVERED,,
extra_func,AD24,7,AUTO_DISCOVERED,,
extra_func,A526,7,AUTO_DISCOVERED,,
extra_func,A5EE,7,AUTO_DISCOVERED,,
extra_func,9848,7,AUTO_DISCOVERED,,
extra_func,A1B9,7,AUTO_DISCOVERED,,
extra_func,B925,7,AUTO_DISCOVERED,,
extra_func,B924,7,AUTO_DISCOVERED,,
extra_func,A026,5,AUTO_DISCOVERED,,
extra_func,9033,7,AUTO_DISCOVERED,,
extra_func,F53E,7,AUTO_DISCOVERED,,
extra_func,F6C9,7,AUTO_DISCOVERED,,
extra_func,F617,7,AUTO_DISCOVERED,,
extra_func,A404,7,AUTO_DISCOVERED,,
extra_func,D28A,7,AUTO_DISCOVERED,,
extra_func,A420,7,AUTO_DISCOVERED,,
extra_func,B4A4,7,AUTO_DISCOVERED,,
extra_func,A9BE,7,AUTO_DISCOVERED,,
extra_func,99F5,7,AUTO_DISCOVERED,,
extra_func,A0B4,7,AUTO_DISCOVERED,,
extra_func,AD16,7,AUTO_DISCOVERED,,
extra_func,9EF5,7,AUTO_DISCOVERED,,
extra_func,9920,7,AUTO_DISCOVERED,,
extra_func,A9F6,7,AUTO_DISCOVERED,,
extra_func,A4E9,7,AUTO_DISCOVERED,,
extra_func,9E20,7,AUTO_DISCOVERED,,
extra_func,E118,7,AUTO_DISCOVERED,,
extra_func,A951,7,AUTO_DISCOVERED,,
extra_func,8CC9,7,AUTO_DISCOVERED,,
extra_func,A560,7,AUTO_DISCOVERED,,
extra_func,8CA5,7,AUTO_DISCOVERED,,
extra_func,A9D0,7,AUTO_DISCOVERED,,
extra_func,A510,7,AUTO_DISCOVERED,,
extra_func,B0B9,4,AUTO_DISCOVERED,,
extra_func,A80A,4,AUTO_DISCOVERED,,
extra_func,8524,4,AUTO_DISCOVERED,,
extra_func,98F7,4,MISSING,,
extra_func,B7BD,4,AUTO_DISCOVERED,,
extra_func,8501,4,AUTO_DISCOVERED,,
extra_func,A973,4,AUTO_DISCOVERED,,
extra_func,A580,4,MISSING,,
extra_func,A909,4,AUTO_DISCOVERED,,
extra_func,856F,4,AUTO_DISCOVERED,,
extra_func,A90A,4,AUTO_DISCOVERED,,
extra_func,A99D,4,MISSING,,
extra_func,95B4,4,AUTO_DISCOVERED,,
extra_func,95C5,4,AUTO_DISCOVERED,,
extra_func,95D6,4,AUTO_DISCOVERED,,
extra_func,AE87,5,AUTO_DISCOVERED,,
extra_func,A48B,5,AUTO_DISCOVERED,,
extra_func,A688,5,AUTO_DISCOVERED,,
extra_func,B290,5,AUTO_DISCOVERED,,
extra_func,B385,5,AUTO_DISCOVERED,,
extra_func,B6A8,5,AUTO_DISCOVERED,,
extra_func,88D5,5,AUTO_DISCOVERED,,
extra_func,B489,5,AUTO_DISCOVERED,,
extra_func,81F3,5,AUTO_DISCOVERED,,
extra_func,9482,5,AUTO_DISCOVERED,,
extra_func,8594,5,AUTO_DISCOVERED,,
extra_func,AE83,5,AUTO_DISCOVERED,,
extra_func,BA83,5,AUTO_DISCOVERED,,
extra_func,832A,5,AUTO_DISCOVERED,,
extra_func,9E82,5,AUTO_DISCOVERED,,
extra_func,819E,5,AUTO_DISCOVERED,,
extra_func,841E,5,AUTO_DISCOVERED,,
extra_func,A848,5,AUTO_DISCOVERED,,
extra_func,BD9D,5,AUTO_DISCOVERED,,
extra_func,9D90,5,AUTO_DISCOVERED,,
extra_func,9160,5,AUTO_DISCOVERED,,
extra_func,B223,5,AUTO_DISCOVERED,,
extra_func,A908,5,AUTO_DISCOVERED,,
extra_func,9F3C,5,AUTO_DISCOVERED,,
extra_func,99B5,5,AUTO_DISCOVERED,,
extra_func,99B0,5,AUTO_DISCOVERED,,
extra_func,9971,5,AUTO_DISCOVERED,,
extra_func,BD4A,5,AUTO_DISCOVERED,,
extra_func,BD04,5,AUTO_DISCOVERED,,
extra_func,99AA,5,AUTO_DISCOVERED,,
extra_func,9105,5,AUTO_DISCOVERED,,
extra_func,9E85,5,AUTO_DISCOVERED,,
extra_func,922F,5,AUTO_DISCOVERED,,
extra_func,9E9E,5,AUTO_DISCOVERED,,
extra_func,9108,5,AUTO_DISCOVERED,,
extra_func,8F33,5,AUTO_DISCOVERED,,
extra_func,A999,5,AUTO_DISCOVERED,,
extra_func,9E2F,5,AUTO_DISCOVERED,,
extra_func,9D06,5,AUTO_DISCOVERED,,
extra_func,BDFE,5,AUTO_DISCOVERED,,
extra_func,BDA9,5,AUTO_DISCOVERED,,
extra_func,BDD1,5,AUTO_DISCOVERED,,
extra_func,9DF0,5,AUTO_DISCOVERED,,
extra_func,BDFF,5,AUTO_DISCOVERED,,
extra_func,B101,5,AUTO_DISCOVERED,,
extra_func,B1BD,5,AUTO_DISCOVERED,,
extra_func,B0BD,5,AUTO_DISCOVERED,,
extra_func,9405,5,AUTO_DISCOVERED,,
extra_func,BC71,5,AUTO_DISCOVERED,,
extra_func,A5F0,5,AUTO_DISCOVERED,,
extra_func,9728,5,AUTO_DISCOVERED,,
extra_func,B1C0,5,AUTO_DISCOVERED,,
extra_func,A951,5,AUTO_DISCOVERED,,
extra_func,9483,5,AUTO_DISCOVERED,,
extra_func,9D0D,5,AUTO_DISCOVERED,,
extra_func,9D20,5,AUTO_DISCOVERED,,
extra_func,B59D,5,AUTO_DISCOVERED,,
extra_func,B031,5,AUTO_DISCOVERED,,
extra_func,95B0,5,AUTO_DISCOVERED,,
extra_func,9D18,5,AUTO_DISCOVERED,,
extra_func,9177,5,AUTO_DISCOVERED,,
extra_func,A020,5,AUTO_DISCOVERED,,
extra_func,A04D,5,AUTO_DISCOVERED,,
extra_func,BD20,5,LIKELY_BAD_SEED_OFF_BY_ONE_PLUS1,,
extra_func,BDBC,5,AUTO_DISCOVERED,,
extra_func,A8FE,5,AUTO_DISCOVERED,,
extra_func,BD51,5,AUTO_DISCOVERED,,
extra_func,9D98,5,AUTO_DISCOVERED,,
extra_func,BD0B,5,AUTO_DISCOVERED,,
extra_func,993B,5,AUTO_DISCOVERED,,
extra_func,A520,5,AUTO_DISCOVERED,,
extra_func,9702,5,AUTO_DISCOVERED,,
extra_func,A4FD,5,AUTO_DISCOVERED,,
extra_func,9651,5,AUTO_DISCOVERED,,
extra_func,A09D,5,AUTO_DISCOVERED,,
extra_func,A9A1,5,AUTO_DISCOVERED,,
extra_func,A930,5,AUTO_DISCOVERED,,
extra_func,9D0B,5,AUTO_DISCOVERED,,
extra_func,A903,5,AUTO_DISCOVERED,,
extra_func,B991,5,AUTO_DISCOVERED,,
extra_func,A24D,5,AUTO_DISCOVERED,,
extra_func,9D6D,5,AUTO_DISCOVERED,,
extra_func,A9EA,5,AUTO_DISCOVERED,,
extra_func,81E9,5,AUTO_DISCOVERED,,
extra_func,B02E,5,AUTO_DISCOVERED,,
extra_func,AD4A,5,AUTO_DISCOVERED,,
extra_func,A940,5,AUTO_DISCOVERED,,
extra_func,9931,5,AUTO_DISCOVERED,,
extra_func,B027,5,AUTO_DISCOVERED,,
extra_func,A98E,5,AUTO_DISCOVERED,,
extra_func,A944,5,AUTO_DISCOVERED,,
extra_func,B9D1,5,AUTO_DISCOVERED,,
extra_func,A7B6,5,AUTO_DISCOVERED,,
extra_func,B1A7,5,AUTO_DISCOVERED,,
extra_func,ADA7,5,AUTO_DISCOVERED,,
extra_func,99E9,5,LIKELY_BAD_SEED_OFF_BY_ONE_PLUS1,,
extra_func,ADD1,5,LIKELY_BAD_SEED_OFF_BY_ONE_PLUS1,,
extra_func,99D1,5,AUTO_DISCOVERED,,
extra_func,A5D1,5,AUTO_DISCOVERED,,
extra_func,99AD,5,AUTO_DISCOVERED,,
extra_func,A851,5,AUTO_DISCOVERED,,
extra_func,B906,5,AUTO_DISCOVERED,,
extra_func,A7A5,5,AUTO_DISCOVERED,,
extra_func,A518,5,AUTO_DISCOVERED,,
extra_func,AD60,5,AUTO_DISCOVERED,,
extra_func,AD51,5,AUTO_DISCOVERED,,
extra_func,A206,5,AUTO_DISCOVERED,,
extra_func,A92C,5,AUTO_DISCOVERED,,
extra_func,A982,5,AUTO_DISCOVERED,,
extra_func,99A9,5,AUTO_DISCOVERED,,
extra_func,91BD,5,AUTO_DISCOVERED,,
extra_func,B502,5,MISSING,,
extra_func,B99A,5,MISSING,,
extra_func,9285,5,MISSING,,
extra_func,A923,5,MISSING,,
extra_func,A9DC,5,AUTO_DISCOVERED,,
extra_func,949E,5,AUTO_DISCOVERED,,
extra_func,A0BD,5,MISSING,,
extra_func,9620,5,MISSING,,
extra_func,A9A0,5,AUTO_DISCOVERED,,
extra_func,BDEA,5,AUTO_DISCOVERED,,
extra_func,8004,5,AUTO_DISCOVERED,,
extra_func,BD7F,5,AUTO_DISCOVERED,,
extra_func,BDC9,5,AUTO_DISCOVERED,,
extra_func,9D00,5,AUTO_DISCOVERED,,
extra_func,9138,5,AUTO_DISCOVERED,,
extra_func,AAD9,5,AUTO_DISCOVERED,,
extra_func,AA06,5,AUTO_DISCOVERED,,
extra_func,AA30,5,AUTO_DISCOVERED,,
extra_func,AA9E,5,AUTO_DISCOVERED,,
extra_func,B1D1,5,AUTO_DISCOVERED,,
extra_func,9464,5,AUTO_DISCOVERED,,
extra_func,AB99,5,AUTO_DISCOVERED,,
extra_func,9DAB,5,AUTO_DISCOVERED,,
extra_func,A231,5,AUTO_DISCOVERED,,
extra_func,AB07,5,AUTO_DISCOVERED,,
extra_func,A599,5,AUTO_DISCOVERED,,
extra_func,997D,5,AUTO_DISCOVERED,,
extra_func,9DFE,5,AUTO_DISCOVERED,,
extra_func,AB60,5,AUTO_DISCOVERED,,
extra_func,BD25,5,AUTO_DISCOVERED,,
extra_func,A222,5,AUTO_DISCOVERED,,
extra_func,B430,5,AUTO_DISCOVERED,,
extra_func,9F48,5,AUTO_DISCOVERED,,
extra_func,9909,5,AUTO_DISCOVERED,,
extra_func,A5BD,5,AUTO_DISCOVERED,,
extra_func,A57D,5,AUTO_DISCOVERED,,
extra_func,9FE9,5,AUTO_DISCOVERED,,
extra_func,8530,5,AUTO_DISCOVERED,,
extra_func,B485,5,AUTO_DISCOVERED,,
extra_func,A58A,5,AUTO_DISCOVERED,,
extra_func,994B,5,AUTO_DISCOVERED,,
extra_func,A504,5,AUTO_DISCOVERED,,
extra_func,ABF2,5,AUTO_DISCOVERED,,
extra_func,AC00,5,AUTO_DISCOVERED,,
extra_func,AC08,5,AUTO_DISCOVERED,,
extra_func,AC4B,5,AUTO_DISCOVERED,,
extra_func,ACD1,5,AUTO_DISCOVERED,,
extra_func,A0D1,5,AUTO_DISCOVERED,,
extra_func,A505,5,AUTO_DISCOVERED,,
extra_func,8553,5,AUTO_DISCOVERED,,
extra_func,9130,5,AUTO_DISCOVERED,,
extra_func,AC91,5,AUTO_DISCOVERED,,
extra_func,A5A9,5,AUTO_DISCOVERED,,
extra_func,BDD0,5,AUTO_DISCOVERED,,
extra_func,9DE1,5,AUTO_DISCOVERED,,
extra_func,AE53,5,AUTO_DISCOVERED,,
extra_func,AEA7,5,AUTO_DISCOVERED,,
extra_func,AE0C,5,AUTO_DISCOVERED,,
extra_func,BCAE,5,AUTO_DISCOVERED,,
extra_func,9DDE,5,AUTO_DISCOVERED,,
extra_func,B99D,5,AUTO_DISCOVERED,,
extra_func,AF06,5,AUTO_DISCOVERED,,
extra_func,9DA0,5,AUTO_DISCOVERED,,
extra_func,AED1,5,AUTO_DISCOVERED,,
extra_func,AE39,5,AUTO_DISCOVERED,,
extra_func,AF5C,5,AUTO_DISCOVERED,,
extra_func,AFD9,5,AUTO_DISCOVERED,,
extra_func,AF09,5,AUTO_DISCOVERED,,
extra_func,AF6B,5,AUTO_DISCOVERED,,
extra_func,BDAF,5,AUTO_DISCOVERED,,
extra_func,9714,5,AUTO_DISCOVERED,,
extra_func,90D0,5,AUTO_DISCOVERED,,
extra_func,8597,5,AUTO_DISCOVERED,,
extra_func,B18A,5,AUTO_DISCOVERED,,
extra_func,B8B1,5,AUTO_DISCOVERED,,
extra_func,B806,5,AUTO_DISCOVERED,,
extra_func,B1C6,5,AUTO_DISCOVERED,,
extra_func,BDF4,5,AUTO_DISCOVERED,,
extra_func,AED9,5,AUTO_DISCOVERED,,
extra_func,AF39,5,AUTO_DISCOVERED,,
extra_func,BDAE,5,AUTO_DISCOVERED,,
extra_func,B833,5,AUTO_DISCOVERED,,
extra_func,AFBC,5,AUTO_DISCOVERED,,
extra_func,AA9D,5,AUTO_DISCOVERED,,
extra_func,A010,5,AUTO_DISCOVERED,,
extra_func,B58A,5,AUTO_DISCOVERED,,
extra_func,B148,5,AUTO_DISCOVERED,,
extra_func,B160,5,AUTO_DISCOVERED,,
extra_func,8EFD,5,AUTO_DISCOVERED,,
extra_func,AFF1,5,AUTO_DISCOVERED,,
extra_func,90EE,5,AUTO_DISCOVERED,,
extra_func,A94A,5,AUTO_DISCOVERED,,
extra_func,A971,5,AUTO_DISCOVERED,,
extra_func,AC8D,5,AUTO_DISCOVERED,,
extra_func,B9AC,5,AUTO_DISCOVERED,,
extra_func,B9B0,5,AUTO_DISCOVERED,,
extra_func,AD8D,5,AUTO_DISCOVERED,,
extra_func,B0D8,5,AUTO_DISCOVERED,,
extra_func,9E06,5,AUTO_DISCOVERED,,
extra_func,9920,5,AUTO_DISCOVERED,,
extra_func,9499,5,AUTO_DISCOVERED,,
extra_func,ADCE,5,AUTO_DISCOVERED,,
extra_func,B0AD,5,AUTO_DISCOVERED,,
extra_func,AD33,5,AUTO_DISCOVERED,,
extra_func,99D0,5,AUTO_DISCOVERED,,
extra_func,A97F,5,AUTO_DISCOVERED,,
extra_func,B1A3,5,AUTO_DISCOVERED,,
extra_func,ACBD,5,AUTO_DISCOVERED,,
extra_func,AD9D,5,AUTO_DISCOVERED,,
extra_func,AD72,5,AUTO_DISCOVERED,,
extra_func,B929,5,AUTO_DISCOVERED,,
extra_func,B2A8,5,AUTO_DISCOVERED,,
extra_func,B218,5,AUTO_DISCOVERED,,
extra_func,A01F,5,AUTO_DISCOVERED,,
extra_func,ADEE,5,AUTO_DISCOVERED,,
extra_func,B102,5,AUTO_DISCOVERED,,
extra_func,AD13,5,AUTO_DISCOVERED,,
extra_func,ADB7,5,AUTO_DISCOVERED,,
extra_func,8F08,5,AUTO_DISCOVERED,,
extra_func,B02A,5,AUTO_DISCOVERED,,
extra_func,A98F,5,AUTO_DISCOVERED,,
extra_func,9805,5,AUTO_DISCOVERED,,
extra_func,A820,5,AUTO_DISCOVERED,,
extra_func,AD46,5,AUTO_DISCOVERED,,
extra_func,A0C9,5,AUTO_DISCOVERED,,
extra_func,B807,5,AUTO_DISCOVERED,,
extra_func,AA98,5,AUTO_DISCOVERED,,
extra_func,AD07,5,AUTO_DISCOVERED,,
extra_func,AD06,5,AUTO_DISCOVERED,,
extra_func,A0AD,5,AUTO_DISCOVERED,,
extra_func,AD24,5,AUTO_DISCOVERED,,
extra_func,93A9,5,AUTO_DISCOVERED,,
extra_func,B120,5,AUTO_DISCOVERED,,
extra_func,B293,5,AUTO_DISCOVERED,,
extra_func,B738,5,AUTO_DISCOVERED,,
extra_func,AD98,5,LIKELY_BAD_SEED_OFF_BY_ONE_PLUS1,,
extra_func,B985,5,AUTO_DISCOVERED,,
extra_func,98B1,5,AUTO_DISCOVERED,,
extra_func,A811,5,AUTO_DISCOVERED,,
extra_func,8525,5,AUTO_DISCOVERED,,
extra_func,BB85,5,AUTO_DISCOVERED,,
extra_func,90BA,5,AUTO_DISCOVERED,,
extra_func,9281,5,AUTO_DISCOVERED,,
extra_func,9392,5,AUTO_DISCOVERED,,
extra_func,9A99,5,AUTO_DISCOVERED,,
extra_func,9493,5,AUTO_DISCOVERED,,
extra_func,9B9A,5,AUTO_DISCOVERED,,
extra_func,9594,5,AUTO_DISCOVERED,,
extra_func,AD85,5,AUTO_DISCOVERED,,
extra_func,BB0A,5,AUTO_DISCOVERED,,
extra_func,B97F,5,AUTO_DISCOVERED,,
extra_func,80BB,5,AUTO_DISCOVERED,,
extra_func,B94A,5,AUTO_DISCOVERED,,
extra_func,99A0,5,AUTO_DISCOVERED,,
extra_func,A985,5,AUTO_DISCOVERED,,
extra_func,A085,5,AUTO_DISCOVERED,,
extra_func,B505,5,AUTO_DISCOVERED,,
extra_func,AD10,5,AUTO_DISCOVERED,,
extra_func,9206,5,AUTO_DISCOVERED,,
extra_func,9892,5,AUTO_DISCOVERED,,
extra_func,BCA8,5,AUTO_DISCOVERED,,
extra_func,BCD8,5,AUTO_DISCOVERED,,
extra_func,B4A5,5,AUTO_DISCOVERED,,
extra_func,A5C4,5,AUTO_DISCOVERED,,
extra_func,BC98,5,AUTO_DISCOVERED,,
extra_func,9BBC,5,AUTO_DISCOVERED,,
extra_func,BC9B,5,AUTO_DISCOVERED,,
extra_func,97A9,5,AUTO_DISCOVERED,,
extra_func,A502,5,AUTO_DISCOVERED,,
extra_func,B220,5,AUTO_DISCOVERED,,
extra_func,BCB2,5,AUTO_DISCOVERED,,
extra_func,92E9,5,AUTO_DISCOVERED,,
extra_func,98FB,5,AUTO_DISCOVERED,,
extra_func,BC59,5,AUTO_DISCOVERED,,
extra_func,AD69,5,AUTO_DISCOVERED,,
extra_func,BE44,5,AUTO_DISCOVERED,,
extra_func,A0BE,5,AUTO_DISCOVERED,,
extra_func,B9BD,5,AUTO_DISCOVERED,,
extra_func,B1FA,5,AUTO_DISCOVERED,,
extra_func,A5EE,5,AUTO_DISCOVERED,,
extra_func,A869,5,AUTO_DISCOVERED,,
extra_func,83AE,6,AUTO_DISCOVERED,,
extra_func,8431,6,AUTO_DISCOVERED,,
extra_func,843C,6,AUTO_DISCOVERED,,
extra_func,8442,6,AUTO_DISCOVERED,,
extra_func,8445,6,AUTO_DISCOVERED,,
extra_func,847B,6,AUTO_DISCOVERED,,
extra_func,8488,6,AUTO_DISCOVERED,,
extra_func,8493,6,AUTO_DISCOVERED,,
extra_func,84A0,6,AUTO_DISCOVERED,,
extra_func,84AB,6,AUTO_DISCOVERED,,
extra_func,84C4,6,AUTO_DISCOVERED,,
extra_func,8CEB,6,AUTO_DISCOVERED,,
extra_func,85EB,6,AUTO_DISCOVERED,,
extra_func,86EB,6,AUTO_DISCOVERED,,
extra_func,84EA,6,AUTO_DISCOVERED,,
extra_func,91EA,6,MISSING,,
extra_func,89EA,6,MISSING,,
extra_func,8CEA,6,MISSING,,
extra_func,A055,6,AUTO_DISCOVERED,,
extra_func,9C99,6,AUTO_DISCOVERED,,
extra_func,A699,6,AUTO_DISCOVERED,,
extra_func,8801,6,AUTO_DISCOVERED,,
extra_func,9885,6,AUTO_DISCOVERED,,
extra_func,8AE6,6,AUTO_DISCOVERED,,
extra_func,9985,6,AUTO_DISCOVERED,,
extra_func,A519,6,AUTO_DISCOVERED,,
extra_func,86E6,6,AUTO_DISCOVERED,,
extra_func,8FA5,6,AUTO_DISCOVERED,,
extra_func,873A,6,AUTO_DISCOVERED,,
extra_func,A40F,6,AUTO_DISCOVERED,,
extra_func,8811,6,AUTO_DISCOVERED,,
extra_func,882F,6,AUTO_DISCOVERED,,
extra_func,884B,6,AUTO_DISCOVERED,,
extra_func,8860,6,AUTO_DISCOVERED,,
extra_func,88FE,6,AUTO_DISCOVERED,,
extra_func,88B4,6,AUTO_DISCOVERED,,
extra_func,8971,6,AUTO_DISCOVERED,,
extra_func,8931,6,AUTO_DISCOVERED,,
extra_func,8964,6,AUTO_DISCOVERED,,
extra_func,8981,6,AUTO_DISCOVERED,,
extra_func,A003,6,MISSING,,
extra_func,A009,6,MISSING,,
extra_func,CDE7,7,AUTO_DISCOVERED,,
extra_func,D7C4,7,DISCOVERABLE_AS_SECONDARY,C836,7
extra_func,89DD,6,MISSING,,
extra_func,E9AE,7,MISSING,,
extra_label,8598,4,AUTO_DISCOVERED_AS_STANDALONE,,
extra_label,B38D,4,AUTO_DISCOVERED_AS_STANDALONE,,
extra_label,FA31,7,AUTO_DISCOVERED_AS_STANDALONE,,
extra_label,F81C,7,AUTO_DISCOVERED_AS_STANDALONE,,
extra_label,8935,5,AUTO_DISCOVERED_AS_STANDALONE,,
extra_label,A880,5,AUTO_DISCOVERED_AS_STANDALONE,,
extra_label,9283,5,AUTO_DISCOVERED_AS_STANDALONE,,
extra_label,B6A2,5,AUTO_DISCOVERED_AS_STANDALONE,,
extra_label,9580,5,AUTO_DISCOVERED_AS_STANDALONE,,
extra_label,958E,5,AUTO_DISCOVERED_AS_STANDALONE,,
extra_label,959C,5,AUTO_DISCOVERED_AS_STANDALONE,,
extra_label,95AC,5,AUTO_DISCOVERED_AS_STANDALONE,,
extra_label,9623,5,AUTO_DISCOVERED_AS_STANDALONE,,
extra_label,99E7,5,AUTO_DISCOVERED_AS_STANDALONE,,
extra_label,9D4D,5,AUTO_DISCOVERED_AS_STANDALONE,,
extra_label,9D5D,5,AUTO_DISCOVERED_AS_STANDALONE,,
extra_label,9D6C,5,AUTO_DISCOVERED_AS_STANDALONE,,
extra_label,9D74,5,AUTO_DISCOVERED_AS_STANDALONE,,
extra_label,80BD,5,AUTO_DISCOVERED_AS_STANDALONE,,
extra_label,94A9,5,AUTO_DISCOVERED_AS_STANDALONE,,
extra_label,A994,5,AUTO_DISCOVERED_AS_STANDALONE,,
extra_label,9DE6,5,AUTO_DISCOVERED_AS_STANDALONE,,
extra_label,BC9D,5,AUTO_DISCOVERED_AS_STANDALONE,,
extra_label,B960,5,DISCOVERABLE_AS_SECONDARY,B212,5
extra_label,9D85,5,AUTO_DISCOVERED_AS_STANDALONE,,
extra_label,A26C,5,AUTO_DISCOVERED_AS_STANDALONE,,
extra_label,A100,5,AUTO_DISCOVERED_AS_STANDALONE,,
extra_label,9D92,5,AUTO_DISCOVERED_AS_STANDALONE,,
extra_label,9DA2,5,AUTO_DISCOVERED_AS_STANDALONE,,
extra_label,9DB2,5,AUTO_DISCOVERED_AS_STANDALONE,,
extra_label,9DA1,5,AUTO_DISCOVERED_AS_STANDALONE,,
extra_label,EA60,7,AUTO_DISCOVERED_AS_STANDALONE,,
extra_label,A909,5,AUTO_DISCOVERED_AS_STANDALONE,,
extra_label,B0B0,5,AUTO_DISCOVERED_AS_STANDALONE,,
extra_label,A948,5,AUTO_DISCOVERED_AS_STANDALONE,,
extra_label,AA4A,5,AUTO_DISCOVERED_AS_STANDALONE,,
extra_label,9E07,5,AUTO_DISCOVERED_AS_STANDALONE,,
extra_label,AA99,5,AUTO_DISCOVERED_AS_STANDALONE,,
extra_label,9E51,5,AUTO_DISCOVERED_AS_STANDALONE,,
extra_label,9E3D,5,AUTO_DISCOVERED_AS_STANDALONE,,
extra_label,9E45,5,AUTO_DISCOVERED_AS_STANDALONE,,
extra_label,9E8A,5,AUTO_DISCOVERED_AS_STANDALONE,,
extra_label,9E92,5,AUTO_DISCOVERED_AS_STANDALONE,,
extra_label,A931,5,AUTO_DISCOVERED_AS_STANDALONE,,
extra_label,9DD0,5,AUTO_DISCOVERED_AS_STANDALONE,,
extra_label,A9FE,5,AUTO_DISCOVERED_AS_STANDALONE,,
extra_label,A910,5,AUTO_DISCOVERED_AS_STANDALONE,,
extra_label,A9DE,5,AUTO_DISCOVERED_AS_STANDALONE,,
extra_label,A905,5,AUTO_DISCOVERED_AS_STANDALONE,,
extra_label,F547,7,AUTO_DISCOVERED_AS_STANDALONE,,
extra_label,EF60,7,AUTO_DISCOVERED_AS_STANDALONE,,
extra_label,B0EA,5,AUTO_DISCOVERED_AS_STANDALONE,,
extra_label,B029,5,AUTO_DISCOVERED_AS_STANDALONE,,
extra_label,A991,5,AUTO_DISCOVERED_AS_STANDALONE,,
extra_label,9560,5,MISSING,,
extra_label,B1FF,5,AUTO_DISCOVERED_AS_STANDALONE,,
extra_label,A0B1,5,AUTO_DISCOVERED_AS_STANDALONE,,
extra_label,A004,5,AUTO_DISCOVERED_AS_STANDALONE,,
extra_label,BD4D,5,AUTO_DISCOVERED_AS_STANDALONE,,
extra_label,B1F0,5,AUTO_DISCOVERED_AS_STANDALONE,,
extra_label,9DBD,5,AUTO_DISCOVERED_AS_STANDALONE,,
extra_label,A029,5,AUTO_DISCOVERED_AS_STANDALONE,,
extra_label,9F9D,5,AUTO_DISCOVERED_AS_STANDALONE,,
extra_label,9FA8,5,AUTO_DISCOVERED_AS_STANDALONE,,
extra_label,9FC2,5,AUTO_DISCOVERED_AS_STANDALONE,,
extra_label,9A20,5,AUTO_DISCOVERED_AS_STANDALONE,,
extra_label,B006,5,AUTO_DISCOVERED_AS_STANDALONE,,
extra_label,E931,7,AUTO_DISCOVERED_AS_STANDALONE,,
extra_label,B011,5,AUTO_DISCOVERED_AS_STANDALONE,,
extra_label,A995,5,AUTO_DISCOVERED_AS_STANDALONE,,
extra_label,A506,5,AUTO_DISCOVERED_AS_STANDALONE,,
extra_label,9703,5,AUTO_DISCOVERED_AS_STANDALONE,,
extra_label,D9BD,7,AUTO_DISCOVERED_AS_STANDALONE,,
extra_label,A0D3,5,AUTO_DISCOVERED_AS_STANDALONE,,
extra_label,989A,5,AUTO_DISCOVERED_AS_STANDALONE,,
extra_label,A94C,5,AUTO_DISCOVERED_AS_STANDALONE,,
extra_label,910B,5,AUTO_DISCOVERED_AS_STANDALONE,,
extra_label,9D7D,5,AUTO_DISCOVERED_AS_STANDALONE,,
extra_label,A10F,5,AUTO_DISCOVERED_AS_STANDALONE,,
extra_label,A121,5,AUTO_DISCOVERED_AS_STANDALONE,,
extra_label,A132,5,AUTO_DISCOVERED_AS_STANDALONE,,
extra_label,A13D,5,AUTO_DISCOVERED_AS_STANDALONE,,
extra_label,A14C,5,AUTO_DISCOVERED_AS_STANDALONE,,
extra_label,9DA9,5,AUTO_DISCOVERED_AS_STANDALONE,,
extra_label,9406,5,AUTO_DISCOVERED_AS_SECONDARY,8594,5
extra_label,A902,5,AUTO_DISCOVERED_AS_STANDALONE,,
extra_label,A118,5,AUTO_DISCOVERED_AS_STANDALONE,,
extra_label,9D69,5,AUTO_DISCOVERED_AS_STANDALONE,,
extra_label,A258,5,AUTO_DISCOVERED_AS_STANDALONE,,
extra_label,B103,5,AUTO_DISCOVERED_AS_STANDALONE,,
extra_label,A55B,5,AUTO_DISCOVERED_AS_STANDALONE,,
extra_label,A566,5,AUTO_DISCOVERED_AS_STANDALONE,,
extra_label,A5A1,5,AUTO_DISCOVERED_AS_STANDALONE,,
extra_label,A5AC,5,AUTO_DISCOVERED_AS_STANDALONE,,
extra_label,ADA5,5,AUTO_DISCOVERED_AS_STANDALONE,,
extra_label,AD4C,5,AUTO_DISCOVERED_AS_STANDALONE,,
extra_label,A981,5,AUTO_DISCOVERED_AS_STANDALONE,,
extra_label,A941,5,AUTO_DISCOVERED_AS_STANDALONE,,
extra_label,AD99,5,AUTO_DISCOVERED_AS_STANDALONE,,
extra_label,E99B,7,AUTO_DISCOVERED_AS_STANDALONE,,
extra_label,EC51,7,AUTO_DISCOVERED_AS_STANDALONE,,
extra_label,99F7,5,AUTO_DISCOVERED_AS_STANDALONE,,
extra_label,A07D,5,AUTO_DISCOVERED_AS_STANDALONE,,
extra_label,A766,5,AUTO_DISCOVERED_AS_STANDALONE,,
extra_label,A796,5,AUTO_DISCOVERED_AS_STANDALONE,,
extra_label,A7CC,5,AUTO_DISCOVERED_AS_STANDALONE,,
extra_label,A7C1,5,AUTO_DISCOVERED_AS_STANDALONE,,
extra_label,A753,5,AUTO_DISCOVERED_AS_STANDALONE,,
extra_label,A98D,5,AUTO_DISCOVERED_AS_STANDALONE,,
extra_label,EA78,7,AUTO_DISCOVERED_AS_STANDALONE,,
extra_label,EE3C,7,AUTO_DISCOVERED_AS_STANDALONE,,
extra_label,B030,5,AUTO_DISCOVERED_AS_STANDALONE,,
extra_label,A9EE,5,AUTO_DISCOVERED_AS_STANDALONE,,
extra_label,ADA9,5,AUTO_DISCOVERED_AS_STANDALONE,,
extra_label,8D06,5,AUTO_DISCOVERED_AS_STANDALONE,,
extra_label,9404,5,AUTO_DISCOVERED_AS_STANDALONE,,
extra_label,95EE,5,AUTO_DISCOVERED_AS_STANDALONE,,
extra_label,B195,5,AUTO_DISCOVERED_AS_STANDALONE,,
extra_label,A93A,5,AUTO_DISCOVERED_AS_STANDALONE,,
extra_label,A942,5,AUTO_DISCOVERED_AS_STANDALONE,,
extra_label,A9A6,5,AUTO_DISCOVERED_AS_STANDALONE,,
extra_label,EA1D,7,AUTO_DISCOVERED_AS_STANDALONE,,
extra_label,B003,5,AUTO_DISCOVERED_AS_STANDALONE,,
extra_label,AA05,5,AUTO_DISCOVERED_AS_STANDALONE,,
extra_label,99FE,5,AUTO_DISCOVERED_AS_STANDALONE,,
extra_label,A929,5,DISCOVERABLE_AS_SECONDARY,99A0,5
extra_label,A992,5,DISCOVERABLE_AS_SECONDARY,99A0,5
extra_label,9A01,5,DISCOVERABLE_AS_SECONDARY,9483,5
extra_label,DCB9,7,DISCOVERABLE_AS_SECONDARY,CD7D,7
extra_label,E4D7,7,DISCOVERABLE_AS_SECONDARY,E4B5,7
extra_label,9E00,5,DISCOVERABLE_AS_SECONDARY,9483,5
extra_label,EA92,7,DISCOVERABLE_AS_SECONDARY,EA89,7
extra_label,A9F0,5,AUTO_DISCOVERED_AS_STANDALONE,,
extra_label,960F,5,DISCOVERABLE_AS_SECONDARY,8594,5
extra_label,A0A9,5,DISCOVERABLE_AS_SECONDARY,9483,5
extra_label,BDA0,5,AUTO_DISCOVERED_AS_STANDALONE,,
extra_label,ECA9,7,DISCOVERABLE_AS_SECONDARY,EC91,7
extra_label,A9EC,5,DISCOVERABLE_AS_SECONDARY,99A0,5
extra_label,BD06,5,AUTO_DISCOVERED_AS_STANDALONE,,
extra_label,A9E4,5,AUTO_DISCOVERED_AS_STANDALONE,,
extra_label,ECEC,7,AUTO_DISCOVERED_AS_STANDALONE,,
extra_label,AABC,5,AUTO_DISCOVERED_AS_STANDALONE,,
extra_label,9D04,5,AUTO_DISCOVERED_AS_STANDALONE,,
extra_label,B0C9,5,AUTO_DISCOVERED_AS_STANDALONE,,
extra_label,F723,7,AUTO_DISCOVERED_AS_STANDALONE,,
extra_label,9EEC,5,AUTO_DISCOVERED_AS_STANDALONE,,
extra_label,AAF7,5,AUTO_DISCOVERED_AS_STANDALONE,,
extra_label,AA7F,5,AUTO_DISCOVERED_AS_STANDALONE,,
extra_label,AA87,5,AUTO_DISCOVERED_AS_STANDALONE,,
extra_label,9D02,5,AUTO_DISCOVERED_AS_STANDALONE,,
extra_label,F5C9,7,AUTO_DISCOVERED_AS_STANDALONE,,
extra_label,9DFD,5,AUTO_DISCOVERED_AS_STANDALONE,,
extra_label,A9B0,5,AUTO_DISCOVERED_AS_STANDALONE,,
extra_label,BC11,5,AUTO_DISCOVERED_AS_STANDALONE,,
extra_label,85B9,5,AUTO_DISCOVERED_AS_STANDALONE,,
extra_label,D385,7,AUTO_DISCOVERED_AS_STANDALONE,,
extra_label,9EF7,5,AUTO_DISCOVERED_AS_STANDALONE,,
extra_label,9EAA,5,AUTO_DISCOVERED_AS_STANDALONE,,
extra_label,B104,5,AUTO_DISCOVERED_AS_STANDALONE,,
extra_label,85BD,5,AUTO_DISCOVERED_AS_STANDALONE,,
extra_label,9FB4,5,AUTO_DISCOVERED_AS_STANDALONE,,
extra_label,B1A9,5,AUTO_DISCOVERED_AS_STANDALONE,,
extra_label,AAEC,5,AUTO_DISCOVERED_AS_STANDALONE,,
extra_label,AB30,5,AUTO_DISCOVERED_AS_STANDALONE,,
extra_label,DE30,7,AUTO_DISCOVERED_AS_STANDALONE,,
extra_label,DE38,7,AUTO_DISCOVERED_AS_STANDALONE,,
extra_label,A98A,5,AUTO_DISCOVERED_AS_STANDALONE,,
extra_label,99A2,5,AUTO_DISCOVERED_AS_STANDALONE,,
extra_label,A92B,5,DISCOVERABLE_AS_SECONDARY,99A0,5
extra_label,AB06,5,AUTO_DISCOVERED_AS_STANDALONE,,
extra_label,D526,7,AUTO_DISCOVERED_AS_STANDALONE,,
extra_label,AAF1,5,AUTO_DISCOVERED_AS_STANDALONE,,
extra_label,F8D5,7,AUTO_DISCOVERED_AS_STANDALONE,,
extra_label,B020,5,AUTO_DISCOVERED_AS_STANDALONE,,
extra_label,A229,5,AUTO_DISCOVERED_AS_STANDALONE,,
extra_label,A5FE,5,AUTO_DISCOVERED_AS_STANDALONE,,
extra_label,DEF0,7,AUTO_DISCOVERED_AS_STANDALONE,,
extra_label,99AC,5,AUTO_DISCOVERED_AS_STANDALONE,,
extra_label,A723,5,AUTO_DISCOVERED_AS_STANDALONE,,
extra_label,A59D,5,AUTO_DISCOVERED_AS_STANDALONE,,
extra_label,A5B2,5,AUTO_DISCOVERED_AS_STANDALONE,,
extra_label,AF51,5,AUTO_DISCOVERED_AS_STANDALONE,,
extra_label,D305,7,AUTO_DISCOVERED_AS_STANDALONE,,
extra_label,85C7,5,AUTO_DISCOVERED_AS_STANDALONE,,
extra_label,BC21,5,AUTO_DISCOVERED_AS_STANDALONE,,
extra_label,AF05,5,AUTO_DISCOVERED_AS_STANDALONE,,
extra_label,AF18,5,AUTO_DISCOVERED_AS_STANDALONE,,
extra_label,9D79,5,AUTO_DISCOVERED_AS_STANDALONE,,
extra_label,B1E8,5,AUTO_DISCOVERED_AS_STANDALONE,,
extra_label,9704,5,AUTO_DISCOVERED_AS_STANDALONE,,
extra_label,BC97,5,AUTO_DISCOVERED_AS_STANDALONE,,
extra_label,B190,5,AUTO_DISCOVERED_AS_STANDALONE,,
extra_label,AF31,5,AUTO_DISCOVERED_AS_STANDALONE,,
extra_label,F4B8,7,AUTO_DISCOVERED_AS_STANDALONE,,
extra_label,B106,5,AUTO_DISCOVERED_AS_STANDALONE,,
extra_label,E5B1,7,AUTO_DISCOVERED_AS_STANDALONE,,
extra_label,AA33,5,AUTO_DISCOVERED_AS_STANDALONE,,
extra_label,B1D0,5,AUTO_DISCOVERED_AS_STANDALONE,,
extra_label,DE18,7,AUTO_DISCOVERED_AS_STANDALONE,,
extra_label,F018,7,AUTO_DISCOVERED_AS_STANDALONE,,
extra_label,B02D,5,AUTO_DISCOVERED_AS_STANDALONE,,
extra_label,B050,5,AUTO_DISCOVERED_AS_STANDALONE,,
extra_label,ADB0,5,AUTO_DISCOVERED_AS_STANDALONE,,
extra_label,CE11,7,AUTO_DISCOVERED_AS_STANDALONE,,
extra_label,AD11,5,AUTO_DISCOVERED_AS_STANDALONE,,
extra_label,CDAD,7,AUTO_DISCOVERED_AS_STANDALONE,,
extra_label,CEB1,7,AUTO_DISCOVERED_AS_STANDALONE,,
extra_label,A5B1,5,AUTO_DISCOVERED_AS_STANDALONE,,
extra_label,EA04,7,AUTO_DISCOVERED_AS_STANDALONE,,
extra_label,A2EA,5,AUTO_DISCOVERED_AS_STANDALONE,,
extra_label,B018,5,AUTO_DISCOVERED_AS_STANDALONE,,
extra_label,9FF1,5,AUTO_DISCOVERED_AS_STANDALONE,,
extra_label,8598,5,AUTO_DISCOVERED_AS_STANDALONE,,
extra_label,AD08,5,AUTO_DISCOVERED_AS_STANDALONE,,
extra_label,CE51,7,AUTO_DISCOVERED_AS_STANDALONE,,
extra_label,B023,5,AUTO_DISCOVERED_AS_STANDALONE,,
extra_label,D86C,7,AUTO_DISCOVERED_AS_STANDALONE,,
extra_label,B116,5,AUTO_DISCOVERED_AS_STANDALONE,,
extra_label,EECE,7,AUTO_DISCOVERED_AS_STANDALONE,,
extra_label,B0F1,5,AUTO_DISCOVERED_AS_STANDALONE,,
extra_label,B10B,5,AUTO_DISCOVERED_AS_STANDALONE,,
extra_label,B123,5,AUTO_DISCOVERED_AS_STANDALONE,,
extra_label,EA62,7,AUTO_DISCOVERED_AS_STANDALONE,,
extra_label,EE20,7,AUTO_DISCOVERED_AS_STANDALONE,,
extra_label,A220,5,AUTO_DISCOVERED_AS_STANDALONE,,
extra_label,A96F,5,AUTO_DISCOVERED_AS_STANDALONE,,
extra_label,B131,5,AUTO_DISCOVERED_AS_STANDALONE,,
extra_label,B1C2,5,AUTO_DISCOVERED_AS_STANDALONE,,
extra_label,B212,5,AUTO_DISCOVERED_AS_STANDALONE,,
extra_label,AC20,5,AUTO_DISCOVERED_AS_STANDALONE,,
extra_label,F06A,7,AUTO_DISCOVERED_AS_STANDALONE,,
extra_label,B3F3,5,AUTO_DISCOVERED_AS_STANDALONE,,
extra_label,B418,5,AUTO_DISCOVERED_AS_STANDALONE,,
extra_label,B432,5,AUTO_DISCOVERED_AS_STANDALONE,,
extra_label,B44E,5,AUTO_DISCOVERED_AS_STANDALONE,,
extra_label,ADB3,5,AUTO_DISCOVERED_AS_STANDALONE,,
extra_label,CE8D,7,AUTO_DISCOVERED_AS_STANDALONE,,
extra_label,A011,5,AUTO_DISCOVERED_AS_STANDALONE,,
extra_label,B431,5,AUTO_DISCOVERED_AS_STANDALONE,,
extra_label,AD8C,5,AUTO_DISCOVERED_AS_STANDALONE,,
extra_label,B18D,5,AUTO_DISCOVERED_AS_STANDALONE,,
extra_label,9D07,5,AUTO_DISCOVERED_AS_STANDALONE,,
extra_label,B406,5,AUTO_DISCOVERED_AS_SECONDARY,B212,5
extra_label,DEFE,7,AUTO_DISCOVERED_AS_STANDALONE,,
extra_label,B781,5,AUTO_DISCOVERED_AS_STANDALONE,,
extra_label,B7DE,5,AUTO_DISCOVERED_AS_STANDALONE,,
extra_label,B83A,5,AUTO_DISCOVERED_AS_STANDALONE,,
extra_label,A2F9,5,AUTO_DISCOVERED_AS_STANDALONE,,
extra_label,A945,5,AUTO_DISCOVERED_AS_STANDALONE,,
extra_label,B74A,5,AUTO_DISCOVERED_AS_STANDALONE,,
extra_label,A0B7,5,AUTO_DISCOVERED_AS_STANDALONE,,
extra_label,D1EC,7,AUTO_DISCOVERED_AS_STANDALONE,,
extra_label,AD48,5,AUTO_DISCOVERED_AS_STANDALONE,,
extra_label,B04F,5,AUTO_DISCOVERED_AS_STANDALONE,,
extra_label,EFA8,7,AUTO_DISCOVERED_AS_STANDALONE,,
extra_label,AA1F,5,AUTO_DISCOVERED_AS_STANDALONE,,
extra_label,8629,5,AUTO_DISCOVERED_AS_STANDALONE,,
extra_label,A907,5,AUTO_DISCOVERED_AS_STANDALONE,,
extra_label,ADB8,5,AUTO_DISCOVERED_AS_STANDALONE,,
extra_label,B966,5,AUTO_DISCOVERED_AS_STANDALONE,,
extra_label,B979,5,AUTO_DISCOVERED_AS_STANDALONE,,
extra_label,AD76,5,AUTO_DISCOVERED_AS_STANDALONE,,
extra_label,EE32,7,AUTO_DISCOVERED_AS_STANDALONE,,
extra_label,80EF,5,AUTO_DISCOVERED_AS_STANDALONE,,
extra_label,BA71,5,AUTO_DISCOVERED_AS_STANDALONE,,
extra_label,AD29,5,AUTO_DISCOVERED_AS_STANDALONE,,
extra_label,BACE,5,AUTO_DISCOVERED_AS_STANDALONE,,
extra_label,A0D0,5,AUTO_DISCOVERED_AS_STANDALONE,,
extra_label,B484,5,AUTO_DISCOVERED_AS_STANDALONE,,
extra_label,BA64,5,AUTO_DISCOVERED_AS_STANDALONE,,
extra_label,BA85,5,AUTO_DISCOVERED_AS_STANDALONE,,
extra_label,B969,5,AUTO_DISCOVERED_AS_STANDALONE,,
extra_label,A0BA,5,AUTO_DISCOVERED_AS_STANDALONE,,
extra_label,9C9B,5,AUTO_DISCOVERED_AS_STANDALONE,,
extra_label,B10D,5,AUTO_DISCOVERED_AS_STANDALONE,,
extra_label,ADF0,5,AUTO_DISCOVERED_AS_STANDALONE,,
extra_label,A84A,5,AUTO_DISCOVERED_AS_STANDALONE,,
extra_label,A026,5,AUTO_DISCOVERED_AS_STANDALONE,,
extra_label,D329,7,AUTO_DISCOVERED_AS_STANDALONE,,
extra_label,BB07,5,AUTO_DISCOVERED_AS_STANDALONE,,
extra_label,A585,5,AUTO_DISCOVERED_AS_STANDALONE,,
extra_label,BBF6,5,AUTO_DISCOVERED_AS_STANDALONE,,
extra_label,BC2A,5,AUTO_DISCOVERED_AS_STANDALONE,,
extra_label,D3A0,7,AUTO_DISCOVERED_AS_STANDALONE,,
extra_label,DD9A,7,AUTO_DISCOVERED_AS_STANDALONE,,
extra_label,AFFB,5,AUTO_DISCOVERED_AS_STANDALONE,,
extra_label,9723,5,AUTO_DISCOVERED_AS_STANDALONE,,
extra_label,A91F,5,AUTO_DISCOVERED_AS_STANDALONE,,
extra_label,A3FA,5,AUTO_DISCOVERED_AS_STANDALONE,,
extra_label,BC4C,5,AUTO_DISCOVERED_AS_STANDALONE,,
extra_label,BBE6,5,AUTO_DISCOVERED_AS_STANDALONE,,
extra_label,ADBC,5,AUTO_DISCOVERED_AS_STANDALONE,,
extra_label,BC18,5,AUTO_DISCOVERED_AS_STANDALONE,,
extra_label,BC45,5,AUTO_DISCOVERED_AS_STANDALONE,,
extra_label,9D38,5,AUTO_DISCOVERED_AS_STANDALONE,,
extra_label,A34C,5,AUTO_DISCOVERED_AS_STANDALONE,,
extra_label,D451,7,AUTO_DISCOVERED_AS_STANDALONE,,
extra_label,C9ED,7,AUTO_DISCOVERED_AS_STANDALONE,,
extra_label,D109,7,AUTO_DISCOVERED_AS_STANDALONE,,
extra_label,F08D,7,AUTO_DISCOVERED_AS_STANDALONE,,
extra_label,E485,7,AUTO_DISCOVERED_AS_STANDALONE,,
extra_label,A5E3,5,AUTO_DISCOVERED_AS_STANDALONE,,
extra_label,A9BF,5,AUTO_DISCOVERED_AS_STANDALONE,,
extra_label,E469,7,AUTO_DISCOVERED_AS_STANDALONE,,
extra_label,A0E4,5,AUTO_DISCOVERED_AS_STANDALONE,,
extra_label,8556,5,AUTO_DISCOVERED_AS_STANDALONE,,
extra_label,A6EA,6,DISCOVERABLE_AS_SECONDARY,A699,6
extra_label,852E,6,AUTO_DISCOVERED_AS_STANDALONE,,
extra_label,8807,6,AUTO_DISCOVERED_AS_STANDALONE,,
extra_label,88C3,6,AUTO_DISCOVERED_AS_STANDALONE,,
extra_label,EBC7,7,AUTO_DISCOVERED_AS_STANDALONE,,
extra_label,EA02,7,AUTO_DISCOVERED_AS_STANDALONE,,
extra_label,9960,7,AUTO_DISCOVERED_AS_STANDALONE,,
extra_label,A505,7,AUTO_DISCOVERED_AS_STANDALONE,,
extra_label,A936,7,AUTO_DISCOVERED_AS_STANDALONE,,
extra_label,9911,7,AUTO_DISCOVERED_AS_STANDALONE,,
extra_label,A503,7,AUTO_DISCOVERED_AS_STANDALONE,,
extra_label,98A0,7,DISCOVERABLE_AS_SECONDARY,9848,7
extra_label,A909,7,AUTO_DISCOVERED_AS_STANDALONE,,
extra_label,A520,7,AUTO_DISCOVERED_AS_STANDALONE,,
extra_label,A923,7,DISCOVERABLE_AS_SECONDARY,A910,7
extra_label,A820,7,DISCOVERABLE_AS_SECONDARY,A80A,7
extra_label,A80A,7,AUTO_DISCOVERED_AS_STANDALONE,,
extra_label,A50D,7,AUTO_DISCOVERED_AS_STANDALONE,,
extra_label,F739,7,AUTO_DISCOVERED_AS_STANDALONE,,
extra_label,9F14,7,AUTO_DISCOVERED_AS_STANDALONE,,
extra_label,99C1,7,AUTO_DISCOVERED_AS_STANDALONE,,
extra_label,A941,7,AUTO_DISCOVERED_AS_STANDALONE,,
extra_label,8DCA,7,AUTO_DISCOVERED_AS_STANDALONE,,
extra_label,A904,7,AUTO_DISCOVERED_AS_STANDALONE,,
extra_label,D2F8,7,AUTO_DISCOVERED_AS_STANDALONE,,
extra_label,8CD2,7,AUTO_DISCOVERED_AS_STANDALONE,,
extra_label,F929,7,AUTO_DISCOVERED_AS_STANDALONE,,
extra_label,D7B8,7,DISCOVERABLE_AS_SECONDARY,C836,7
